<?xml version="1.0" encoding="UTF-8"?>
<beans xmlns="http://www.springframework.org/schema/beans"
	xmlns:xsi="http://www.w3.org/2001/XMLSchema-instance" xmlns:context="http://www.springframework.org/schema/context"
	xmlns:jee="http://www.springframework.org/schema/jee" xmlns:mvc="http://www.springframework.org/schema/mvc"
	xmlns:wf="http://www.springframework.org/schema/webflow-config"
	xmlns:p="http://www.springframework.org/schema/p" xmlns:tx="http://www.springframework.org/schema/tx"
	xsi:schemaLocation="http://www.springframework.org/schema/beans
       http://www.springframework.org/schema/beans/spring-beans.xsd
       http://www.springframework.org/schema/mvc
       http://www.springframework.org/schema/mvc/spring-mvc.xsd
       http://www.springframework.org/schema/context
       http://www.springframework.org/schema/context/spring-context.xsd http://www.springframework.org/schema/tx 
       http://www.springframework.org/schema/tx/spring-tx.xsd
       http://www.springframework.org/schema/webflow-config
       http://www.springframework.org/schema/webflow-config/spring-webflow-config.xsd">

	<context:component-scan base-package="com.project1_frontend.*" />
	<mvc:annotation-driven />
	

	<bean id="viewResolver"
		class="org.springframework.web.servlet.view.InternalResourceViewResolver">
		<property name="prefix" value="/WEB-INF/Views/"></property>
		<property name="suffix" value=".jsp"></property>
	</bean>

	<bean id="multipartResolver"
		class="org.springframework.web.multipart.support.StandardServletMultipartResolver"/>

	<!-- Loading static resources -->
	<mvc:resources location="/WEB-INF/resources/" mapping="/resources/**" />

	<tx:annotation-driven />

<!-- Webflow configuration -->

<!-- indicator the entry point of the flow -->
	
	<wf:flow-executor id="flowExecutor"  />
	
	<!-- flow of the application using basepath and locationpattern -->
	
	<wf:flow-registry id="flowRegistry" base-path="/WEB-INF/Views/flows" flow-builder-services="flowBuilderServices">
		<wf:flow-location-pattern value="/**/*-flow.xml"/>		
	</wf:flow-registry>
	
   	<wf:flow-builder-services id="flowBuilderServices"
    	view-factory-creator="viewFactoryCreator"
    	validator="validator"
   	/>
 	
	<bean class="org.springframework.webflow.mvc.servlet.FlowHandlerAdapter">
		<property name="flowExecutor" ref="flowExecutor" />
	</bean>
	
	<bean class="org.springframework.webflow.mvc.servlet.FlowHandlerMapping">
		<property name="flowRegistry" ref="flowRegistry" />
		<property name="order" value="-1" />
	</bean>	
	
   	<bean id="viewFactoryCreator" class="org.springframework.webflow.mvc.builder.MvcViewFactoryCreator">
         <property name="viewResolvers" ref="viewResolver" />
 	</bean>	
 	
	<bean id="validator" class="org.springframework.validation.beanvalidation.LocalValidatorFactoryBean"/> 
</beans> 