<?xml version="1.0" encoding="UTF-8"?>
<beans xmlns="http://www.springframework.org/schema/beans"
	xmlns:xsi="http://www.w3.org/2001/XMLSchema-instance" xmlns:context="http://www.springframework.org/schema/context"
	xmlns:jee="http://www.springframework.org/schema/jee" xmlns:mvc="http://www.springframework.org/schema/mvc"
	xmlns:wf="http://www.springframework.org/schema/webflow-config"
	xmlns:p="http://www.springframework.org/schema/p" xmlns:tx="http://www.springframework.org/schema/tx"
	xsi:schemaLocation="http://www.springframework.org/schema/beans
       http://www.springframework.org/schema/beans/spring-beans.xsd
       http://www.springframework.org/schema/mvc
       http://www.springframework.org/schema/mvc/spring-mvc.xsd
       http://www.springframework.org/schema/context
       http://www.springframework.org/schema/context/spring-context.xsd http://www.springframework.org/schema/tx 
       http://www.springframework.org/schema/tx/spring-tx.xsd
       http://www.springframework.org/schema/webflow-config
       http://www.springframework.org/schema/webflow-config/spring-webflow-config.xsd">
    <mvc:default-servlet-handler />
	<mvc:annotation-driven />
	<context:component-scan base-package="com.project1_frontend.*" />

	<bean id="internalResourceViewResolver"
		class="org.springframework.web.servlet.view.InternalResourceViewResolver">
		<property name="prefix" value="/WEB-INF/Views/"></property>
		<property name="suffix" value=".jsp"></property>
	</bean>

	<bean id="multipartResolver"
		class="org.springframework.web.multipart.commons.CommonsMultipartResolver">
		<property name="maxUploadSize" value="10240000"></property>
	</bean>

	<!-- Loading static resources -->

	<mvc:resources location="/WEB-INF/resources/" mapping="/resources/**" />

	<tx:annotation-driven />


</beans> 